"","x"
"1","Acambona"
"2","Acanthospirifer"
"3","Acanthospirina"
"4","Acolosia"
"5","Acosarina"
"6","Acrospirifer"
"7","Actinoconchus"
"8","Acuminothyris"
"9","Acutatheca"
"10","Adolfia"
"11","Adolfispirifer"
"12","Adrenia"
"13","Afilasma"
"14","Agarhyncha"
"15","Alaskospira"
"16","Alatiformia"
"17","Aldanispirifer"
"18","Aldina"
"19","Alispira"
"20","Alispirifer"
"21","Alispiriferella"
"22","Allanella"
"23","Allorhynchoides"
"24","Allorhynchus"
"25","Alphaneospirifer"
"26","Altajella"
"27","Altiplecus"
"28","Ambikella"
"29","Ambocoelia"
"30","Amboglossa"
"31","Ambothyris"
"32","Amissopecten"
"33","Amoenospirifer"
"34","Amphigenia"
"35","Amphipella"
"36","Amsdenina"
"37","Amygdalocosta"
"38","Anaptychius"
"39","Anastrophia"
"40","Anathyris"
"41","Anatrypa"
"42","Ancillotoechia"
"43","Ancistrorhyncha"
"44","Aneuthelasma"
"45","Anomalesia"
"46","Anomaloria"
"47","Anomalorthis"
"48","Anoplotheca"
"49","Anteridocus"
"50","Anthracospirifer"
"51","Apatorthis"
"52","Aperispirifer"
"53","Aphaurosia"
"54","Apollonorthis"
"55","Apousiella"
"56","Araratella"
"57","Araspirifer"
"58","Aratoechia"
"59","Araxathyris"
"60","Arctomeristina"
"61","Arcualla"
"62","Arcullina"
"63","Arduspirifer"
"64","Arionthia"
"65","Ascanigypa"
"66","Aseptalium"
"67","Aseptirhynchia"
"68","Astegosia"
"69","Astua"
"70","Astutorhyncha"
"71","Asyrinxia"
"72","Athyrhynchus"
"73","Athyris"
"74","Athyrisina"
"75","Atribonium"
"76","Atrypa"
"77","Atryparia"
"78","Atrypina"
"79","Atrypinella"
"80","Atrypinopsis"
"81","Atrypoidea"
"82","Atrythyris"
"83","Attenuatella"
"84","Aulacatrypa"
"85","Aulacella"
"86","Aulacophoria"
"87","Australirhynchia"
"88","Australocoelia"
"89","Australospirifer"
"90","Axiodeaneia"
"91","Azurduya"
"92","Bajkuria"
"93","Bajtugania"
"94","Balanoconcha"
"95","Bamberina"
"96","Bancroftina"
"97","Basilicorhynchus"
"98","Baturria"
"99","Beachia"
"100","Beckmannia"
"101","Beitaia"
"102","Bergalaria"
"103","Betaneospirifer"
"104","Bicamella"
"105","Biconostrophia"
"106","Biconvexiella"
"107","Biernatella"
"108","Bifida"
"109","Birchsella"
"110","Bisinocoelia"
"111","Blasispirifer"
"112","Bleshidium"
"113","Bojothyris"
"114","Booralia"
"115","Borealis"
"116","Bornhardtina"
"117","Boucotia"
"118","Boucotides"
"119","Boucotinskia"
"120","Brachyspirifer"
"121","Brachythyrina"
"122","Brachythyrinella"
"123","Brachythyris"
"124","Brachyzyga"
"125","Brandysia"
"126","Branikia"
"127","Brevilamnulella"
"128","Browneella"
"129","Brunnirhyncha"
"130","Bryorhynchus"
"131","Buchanathyris"
"132","Cacemia"
"133","Callaiapsida"
"134","Callipleura"
"135","Callispirina"
"136","Calvinaria"
"137","Calvustrigis"
"138","Camarelasma"
"139","Camarophorella"
"140","Camarophorinella"
"141","Camarospira"
"142","Camarotoechia"
"143","Camerella"
"144","Camerisma"
"145","Campbellelasma"
"146","Campylorthis"
"147","Cancellospirifer"
"148","Cardiarina"
"149","Cardiothyris"
"150","Carinagypa"
"151","Carinatina"
"152","Carinatrypa"
"153","Cariniferella"
"154","Cartorhium"
"155","Caryogyps"
"156","Caryorhynchus"
"157","Cassidirostrum"
"158","Catazyga"
"159","Cathayspirina"
"160","Cenorhynchia"
"161","Centronella"
"162","Centronelloidea"
"163","Centrorhynchus"
"164","Cerberatrypa"
"165","Chaeniorhynchus"
"166","Chapinella"
"167","Chapursania"
"168","Charionoides"
"169","Chascothyris"
"170","Chaulistomella"
"171","Chondronia"
"172","Choristitella"
"173","Choristites"
"174","Chuiella"
"175","Cimicinella"
"176","Cinerorthis"
"177","Cingulodermis"
"178","Clarkeia"
"179","Clavodalejina"
"180","Cleiothyridina"
"181","Clorinda"
"182","Clorindina"
"183","Coelospira"
"184","Coelospirella"
"185","Coelospirina"
"186","Coeloterorhynchus"
"187","Coledium"
"188","Comatopoma"
"189","Comelicania"
"190","Comelicothyris"
"191","Comiotoechia"
"192","Composita"
"193","Conchidium"
"194","Cordatomyonia"
"195","Corineorthis"
"196","Cortezorthis"
"197","Corvinopugnax"
"198","Corylispirifer"
"199","Costanoplia"
"200","Costatispirifer"
"201","Costatrypa"
"202","Costellirostra"
"203","Costellispirifer"
"204","Costicrura"
"205","Costispirifer"
"206","Costistricklandia"
"207","Cranaena"
"208","Crassipunctatrypa"
"209","Crassispirifer"
"210","Crassumbo"
"211","Cratispirifer"
"212","Crenispirifer"
"213","Crinisarina"
"214","Cromatrypa"
"215","Cruricella"
"216","Crurispina"
"217","Cryptacanthia"
"218","Cryptonella"
"219","Cryptospirifer"
"220","Cundaria"
"221","Cuparius"
"222","Cupularostrum"
"223","Cyclospira"
"224","Cydimia"
"225","Cymbidium"
"226","Cyrolexis"
"227","Cyrtella"
"228","Cyrtia"
"229","Cyrtina"
"230","Cyrtinaella"
"231","Cyrtinopsis"
"232","Cyrtiopsis"
"233","Cyrtospirifer"
"234","Dalaia"
"235","Dalejina"
"236","Dalerhynchus"
"237","Dalmanella"
"238","Dalmanellopsis"
"239","Darbandia"
"240","Darvasia"
"241","Davidsonia"
"242","Davidsonina"
"243","Dayia"
"244","Decoropugnax"
"245","Deltarina"
"246","Delthyris"
"247","Derbyina"
"248","Desquamatia"
"249","Devonatrypa"
"250","Devonogypa"
"251","Dicamara"
"252","Dichospirifer"
"253","Dichozygopleura"
"254","Dicoelosia"
"255","Dicoelospirifer"
"256","Didymelasma"
"257","Didymoparcium"
"258","Dielasma"
"259","Dielasmella"
"260","Dielasmina"
"261","Dimegelasma"
"262","Dinorthis"
"263","Diparelasma"
"264","Discomyorthis"
"265","Divaricosta"
"266","Dmitria"
"267","Doleroides"
"268","Dolerorthis"
"269","Domokhotia"
"270","Donispirifer"
"271","Dorytreta"
"272","Draborthis"
"273","Drabovia"
"274","Eatonia"
"275","Echinocoelia"
"276","Ectochoristites"
"277","Ectoposia"
"278","Ectorensselandia"
"279","Elasmata"
"280","Elassonia"
"281","Elinoria"
"282","Elita"
"283","Eliva"
"284","Elivella"
"285","Elivina"
"286","Ella"
"287","Elymospirifer"
"288","Elythyna"
"289","Emanuella"
"290","Enallosia"
"291","Enantiosphen"
"292","Enteletella"
"293","Enteletes"
"294","Enteletina"
"295","Eobrachythyris"
"296","Eochoristites"
"297","Eocoelia"
"298","Eodalmanella"
"299","Eoglossinotoechia"
"300","Eolaballa"
"301","Eomartiniopsis"
"302","Eoorthis"
"303","Eoparaphorhynchus"
"304","Eoreticularia"
"305","Eorhipidomella"
"306","Eosophragmophora"
"307","Eospinatrypa"
"308","Eospirifer"
"309","Eospiriferina"
"310","Eospirigerina"
"311","Eosyringothyris"
"312","Epitomyonia"
"313","Eridmatus"
"314","Eridorthis"
"315","Estonirhynchia"
"316","Etymothyris"
"317","Eucharitina"
"318","Eudoxina"
"319","Eumetabolotoechia"
"320","Eumetria"
"321","Euorthisina"
"322","Euryspirifer"
"323","Evanescirostrum"
"324","Evenkina"
"325","Exatrypa"
"326","Falsatrypa"
"327","Farmerella"
"328","Fascicosta"
"329","Fascicostella"
"330","Fascizetina"
"331","Felinotoechia"
"332","Ferganella"
"333","Fernglenia"
"334","Filigreenia"
"335","Filispirifer"
"336","Fimbrispirifer"
"337","Fitzroyella"
"338","Flabellitesia"
"339","Fletcherithyris"
"340","Fossatrypa"
"341","Frechella"
"342","Fredericksolasma"
"343","Fulcriphoria"
"344","Fusella"
"345","Fusispirifer"
"346","Gacina"
"347","Gastrodetoechia"
"348","Gefonia"
"349","Gelidorthina"
"350","Gelidorthis"
"351","Geothomasia"
"352","Gerassimovia"
"353","Gibberosatrypa"
"354","Gilledia"
"355","Giraldiella"
"356","Girtyella"
"357","Gjelispinifera"
"358","Glassia"
"359","Glassina"
"360","Glendonia"
"361","Globulirhynchia"
"362","Glossinotoechia"
"363","Glossinulina"
"364","Glossinulus"
"365","Glossorthis"
"366","Glossothyropsis"
"367","Glyptorthis"
"368","Goleomixa"
"369","Goniophoria"
"370","Gotatrypa"
"371","Gracianella"
"372","Gracilotoechia"
"373","Grayina"
"374","Grigorjevaelasma"
"375","Gruntallina"
"376","Gruntea"
"377","Gruntelasma"
"378","Gruntia"
"379","Gundarolasmina"
"380","Gypidula"
"381","Gypidulella"
"382","Gypidulina"
"383","Gypiduloides"
"384","Gypospirifer"
"385","Hadrorhynchia"
"386","Hadyrhyncha"
"387","Hamburgia"
"388","Harknessella"
"389","Harpidium"
"390","Havlicekia"
"391","Hebetoechia"
"392","Hedeina"
"393","Hemileurus"
"394","Hemiptychina"
"395","Hercotrema"
"396","Hesperorthis"
"397","Heteraria"
"398","Heterelasma"
"399","Heterelasmina"
"400","Heterorthella"
"401","Heterorthina"
"402","Heterorthis"
"403","Himathyris"
"404","Hindella"
"405","Hircinisca"
"406","Hirnantia"
"407","Holorhynchus"
"408","Holosia"
"409","Holynatrypa"
"410","Homoeospira"
"411","Homoeospirella"
"412","Horderleyella"
"413","Hoskingia"
"414","Hostimex"
"415","Howellella"
"416","Howellites"
"417","Howittia"
"418","Hunzina"
"419","Hustedia"
"420","Hyattidina"
"421","Hybostenoscisma"
"422","Hypothyridina"
"423","Hypsomyonia"
"424","Ibergirhynchia"
"425","Ikella"
"426","Ilmenia"
"427","Ilmenispina"
"428","Iloerhynchus"
"429","Imbrexia"
"430","Imperiospira"
"431","Independatrypa"
"432","Indospirifer"
"433","Ingelarella"
"434","Invertrypa"
"435","Iotina"
"436","Iowatrypa"
"437","Isopoma"
"438","Isorthis"
"439","Isospinatrypa"
"440","Isovella"
"441","Ivanothyris"
"442","Ivdelinia"
"443","Janiceps"
"444","Janius"
"445","Jarovathyris"
"446","Jezercia"
"447","Jilinmartinia"
"448","Johndearia"
"449","Johnsonathyris"
"450","Juxathyris"
"451","Kaninospirifer"
"452","Kaplex"
"453","Karbous"
"454","Karpinskia"
"455","Kasakhstania"
"456","Katuniella"
"457","Kayserella"
"458","Kayseria"
"459","Kelsovia"
"460","Kindleina"
"461","Kinnella"
"462","Kirkidium"
"463","Kitakamithyris"
"464","Kosirium"
"465","Kotlaia"
"466","Kotysex"
"467","Kozlenia"
"468","Kozlowskiellina"
"469","Kransia"
"470","Kulumbella"
"471","Kwangsirhynchus"
"472","Kyrtatrypa"
"473","Kyutepia"
"474","Labaia"
"475","Ladjia"
"476","Ladogia"
"477","Ladogilina"
"478","Laioporella"
"479","Lambdarina"
"480","Lamelliconchidium"
"481","Lamellosathyris"
"482","Lamnaespina"
"483","Lamniplica"
"484","Lanceomyonia"
"485","Larispirifer"
"486","Laticrura"
"487","Latiflexa"
"488","Latispirifer"
"489","Latonotoechia"
"490","Lazutkinia"
"491","Leiorhynchoidea"
"492","Leiorhynchus"
"493","Lenatoechia"
"494","Lepidocyclus"
"495","Lepidorthis"
"496","Lepidospirifer"
"497","Leptathyris"
"498","Leptocoelia"
"499","Leptocoelina"
"500","Levenea"
"501","Levenolasma"
"502","Leviconchidiella"
"503","Levigatella"
"504","Libyaerhynchus"
"505","Licharewia"
"506","Lievinella"
"507","Limbatrypa"
"508","Linguopugnoides"
"509","Linoporella"
"510","Liocoelia"
"511","Lirellaria"
"512","Lissatrypa"
"513","Lissocoelina"
"514","Lissorhynchia"
"515","Liufaia"
"516","Ljudmilispirifer"
"517","Loborina"
"518","Lochengia"
"519","Loganella"
"520","Lorangerella"
"521","Losvia"
"522","Lycophoria"
"523","Lysigypa"
"524","Machaeraria"
"525","Macropleura"
"526","Madarosia"
"527","Maorielasma"
"528","Marinurnula"
"529","Markitoechia"
"530","Marklandella"
"531","Martinia"
"532","Martiniopsis"
"533","Martinothyris"
"534","Mauispirifer"
"535","Mcewanella"
"536","Mediospirifer"
"537","Meganteris"
"538","Meifodia"
"539","Mendacella"
"540","Merista"
"541","Meristella"
"542","Meristelloides"
"543","Meristina"
"544","Meristorygma"
"545","Meristospira"
"546","Mesochorispira"
"547","Mesopunctia"
"548","Metaplasia"
"549","Metorthis"
"550","Metriolepis"
"551","Micidus"
"552","Mimaria"
"553","Mimatrypa"
"554","Mimella"
"555","Miniprokopia"
"556","Minirostrella"
"557","Minysphenia"
"558","Mirifusella"
"559","Mirorthis"
"560","Molongella"
"561","Molongia"
"562","Monadotoechia"
"563","Monelasmina"
"564","Mongolina"
"565","Monorthis"
"566","Moorefieldella"
"567","Moravilla"
"568","Mucrospirifer"
"569","Multicostella"
"570","Muriferella"
"571","Mutationella"
"572","Myodelthyrium"
"573","Myopugnax"
"574","Myriospirifer"
"575","Myrmirhynx"
"576","Mystrophora"
"577","Nahoniella"
"578","Najadospirifer"
"579","Nalivkinaria"
"580","Nalivkinia"
"581","Nanorthis"
"582","Nanothyris"
"583","Nanukidium"
"584","Navispira"
"585","Nebenothyris"
"586","Nemesa"
"587","Neoglobithyris"
"588","Neomunella"
"589","Neopsilocamara"
"590","Neospirifer"
"591","Neospirigerina"
"592","Neostrophia"
"593","Nepasitoechia"
"594","Nereidella"
"595","Newberria"
"596","Nicolella"
"597","Nicoloidea"
"598","Nikiforovaena"
"599","Niorhynx"
"600","Nipponirhynchia"
"601","Nordotoechia"
"602","Notanoplia"
"603","Nothorthis"
"604","Notoconchidium"
"605","Notoparmella"
"606","Notospirifer"
"607","Notothyrina"
"608","Notothyris"
"609","Nucleospira"
"610","Nymphorhynchia"
"611","Obesaria"
"612","Occidalia"
"613","Ogilviecoelia"
"614","Ogilviella"
"615","Oglu"
"616","Oglupes"
"617","Oligothyrina"
"618","Onniella"
"619","Orbicoelia"
"620","Orientospirifer"
"621","Oriskania"
"622","Orthambonites"
"623","Orthidiella"
"624","Orthidium"
"625","Orthis"
"626","Orthospirifer"
"627","Orthostrophella"
"628","Orthostrophia"
"629","Orthotichia"
"630","Orulgania"
"631","Otospirifer"
"632","Ovispirifer"
"633","Pachycyrtella"
"634","Pachyplax"
"635","Pachyplaxoides"
"636","Paeckelmanella"
"637","Papulinella"
"638","Paracrurithyris"
"639","Paralenorthis"
"640","Parallelora"
"641","Paranorella"
"642","Paraphorhynchus"
"643","Parapugnax"
"644","Paraspirifer"
"645","Paraspiriferina"
"646","Parastrophina"
"647","Parastrophinella"
"648","Parathyrisina"
"649","Parazyga"
"650","Parenteletes"
"651","Parisorthis"
"652","Parmorthina"
"653","Parmula"
"654","Paucicrura"
"655","Paulinella"
"656","Paurorhyncha"
"657","Paurorthis"
"658","Peleicostella"
"659","Peltichia"
"660","Pentamerella"
"661","Pentameroides"
"662","Pentamerus"
"663","Pentlandella"
"664","Penzhinella"
"665","Perditocardinia"
"666","Permasyrinx"
"667","Permicola"
"668","Permospirifer"
"669","Petasmatherus"
"670","Phoenicitoechia"
"671","Phragmophora"
"672","Phragmorthis"
"673","Phrenophoria"
"674","Phricodothyris"
"675","Pinegathyris"
"676","Pinguaella"
"677","Pinguispirifer"
"678","Pionodema"
"679","Plaesiomys"
"680","Plagiorhyncha"
"681","Planalvus"
"682","Planatrypa"
"683","Planicardinia"
"684","Planovatirostrum"
"685","Platyorthis"
"686","Platyrachella"
"687","Platyspirifer"
"688","Platyterorhynchus"
"689","Plectatrypa"
"690","Plectelasma"
"691","Plectorthis"
"692","Plectospira"
"693","Plectothyrella"
"694","Pleiopleurina"
"695","Plekonella"
"696","Pleurelasma"
"697","Pleurocornu"
"698","Pleurodium"
"699","Pleuropugnoides"
"700","Pleurorthis"
"701","Pleurothyrella"
"702","Plicathyris"
"703","Plicidium"
"704","Plicocyrtia"
"705","Plicocyrtina"
"706","Plicogypa"
"707","Plicoplasia"
"708","Podolella"
"709","Podtsheremia"
"710","Pondospirifer"
"711","Pontielasma"
"712","Pontisia"
"713","Porambonites"
"714","Porostictia"
"715","Posicomta"
"716","Pradoia"
"717","Praeangustothyris"
"718","Praegnantenia"
"719","Prelissorhynchia"
"720","Primorewia"
"721","Prionothyris"
"722","Pripyatispirifer"
"723","Proboscidina"
"724","Proconchidium"
"725","Prodavidsonia"
"726","Productorthis"
"727","Prokopia"
"728","Propriopugnus"
"729","Proschizophoria"
"730","Prospira"
"731","Prosserella"
"732","Protathyris"
"733","Protatrypa"
"734","Proteorthis"
"735","Protocortezorthis"
"736","Protoskenidioides"
"737","Protozeuga"
"738","Pseudoatrypa"
"739","Pseudodielasma"
"740","Pseudojisuina"
"741","Pseudolabaia"
"742","Pseudolowenstamia"
"743","Pseudomendacella"
"744","Pseudoparazyga"
"745","Pseudopentagonia"
"746","Pseudoprotathyris"
"747","Pseudosieberella"
"748","Pseudosyrinx"
"749","Pseudowellerella"
"750","Psilocamara"
"751","Pteroplecta"
"752","Pterospirifer"
"753","Ptilotorhynchus"
"754","Ptychomaletoechia"
"755","Ptychopleurella"
"756","Ptygmactrum"
"757","Pugnax"
"758","Pugnoides"
"759","Punctatrypa"
"760","Punctospirifer"
"761","Punctothyris"
"762","Punctspinatrypa"
"763","Purdonella"
"764","Pustuloplica"
"765","Pyandzhelasma"
"766","Qinglongia"
"767","Quadrithyrina"
"768","Quadrithyris"
"769","Quadrospira"
"770","Quasimartinia"
"771","Rackirhynchia"
"772","Radiatrypa"
"773","Radimatrypa"
"774","Rallacosta"
"775","Ravozetina"
"776","Rawdonia"
"777","Reeftonella"
"778","Reeftonia"
"779","Rensselaeria"
"780","Rensselaerina"
"781","Resserella"
"782","Reticularia"
"783","Reticulariina"
"784","Reticulariopsis"
"785","Reticulatrypa"
"786","Retzia"
"787","Retziella"
"788","Reuschella"
"789","Rhenorensselaeria"
"790","Rhenothyris"
"791","Rhipidium"
"792","Rhipidomella"
"793","Rhipidothyris"
"794","Rhynchonella"
"795","Rhynchopora"
"796","Rhynchospirina"
"797","Rhynchotetra"
"798","Rhynchotrema"
"799","Rhynchotreta"
"800","Ripidiorhynchus"
"801","Rochtex"
"802","Rorespirifer"
"803","Rossirhynchus"
"804","Rostranteris"
"805","Rostricellula"
"806","Rostrospirifer"
"807","Rotaia"
"808","Rowleyella"
"809","Rozmanaria"
"810","Rufispirifer"
"811","Rugaltarostrum"
"812","Rugosatrypa"
"813","Ryocarhynchus"
"814","Salopia"
"815","Salopina"
"816","Sarganostega"
"817","Saucrorthis"
"818","Saukrodictya"
"819","Scaphiocoelia"
"820","Scenesia"
"821","Schizonema"
"822","Schizophoria"
"823","Schnurella"
"824","Sedecularia"
"825","Sedenticellula"
"826","Septalaria"
"827","Septatrypa"
"828","Septospirifer"
"829","Septospirigerella"
"830","Septothyris"
"831","Seratrypa"
"832","Sergospirifer"
"833","Shumardella"
"834","Sibirirhynchia"
"835","Sibiritoechia"
"836","Sichuanothyris"
"837","Sicorhyncha"
"838","Sieberella"
"839","Sigmelasma"
"840","Sinopunctatrypa"
"841","Sinorthis"
"842","Sinospirifer"
"843","Sinotectirostrum"
"844","Skelidorygma"
"845","Skenidioides"
"846","Skenidium"
"847","Sokelasma"
"848","Sphaerirhynchia"
"849","Sphenophragmus"
"850","Sphenospira"
"851","Sphenotreta"
"852","Spinatrypa"
"853","Spinatrypina"
"854","Spinocyrtia"
"855","Spinomartinia"
"856","Spinuliplica"
"857","Spirelytha"
"858","Spirifer"
"859","Spiriferella"
"860","Spiriferellina"
"861","Spiriferina"
"862","Spiriferinaella"
"863","Spirigerella"
"864","Spirigerina"
"865","Spirinella"
"866","Spondylopyxis"
"867","Spurispirifer"
"868","Squamularia"
"869","Stegerhynchus"
"870","Stenorhynchia"
"871","Stenoscisma"
"872","Stepanoviina"
"873","Stricklandia"
"874","Stricklandiella"
"875","Strigirhynchia"
"876","Striispirifer"
"877","Stringocephalus"
"878","Strophopleura"
"879","Sturtella"
"880","Subansiria"
"881","Subcuspidella"
"882","Subrensselandia"
"883","Sufetirhyncha"
"884","Sulcatospirifer"
"885","Sulcicosta"
"886","Sulciplica"
"887","Sulcispiriferina"
"888","Supertrilobus"
"889","Syntrophopsis"
"890","Sypharatrypa"
"891","Syrella"
"892","Syringospira"
"893","Syringothyris"
"894","Tabellina"
"895","Tadschikia"
"896","Tafilaltia"
"897","Taimyrella"
"898","Taimyrrhynx"
"899","Talentella"
"900","Tangshanella"
"901","Taphrorthis"
"902","Tautosia"
"903","Tazzarinia"
"904","Tecnocyrtina"
"905","Tegulispirifer"
"906","Tegulocrea"
"907","Teichertina"
"908","Tenellodermis"
"909","Tenticospirifer"
"910","Tenuisinurostrum"
"911","Terebratuloidea"
"912","Tetracamera"
"913","Tetractinella"
"914","Tetratomia"
"915","Texarina"
"916","Thebesia"
"917","Thedusia"
"918","Theodossia"
"919","Thiemella"
"920","Thliborhynchia"
"921","Tigillumia"
"922","Timaniella"
"923","Timorina"
"924","Tipispirifer"
"925","Tiramnia"
"926","Tissintia"
"927","Titanothyris"
"928","Togatrypa"
"929","Tomiopsis"
"930","Tongzithyris"
"931","Torynechus"
"932","Torynifer"
"933","Toryniferella"
"934","Toxorthis"
"935","Trematospira"
"936","Tricoria"
"937","Trifidorostellum"
"938","Trigonatrypa"
"939","Trigonirhynchia"
"940","Trigonotreta"
"941","Trophisina"
"942","Tropidoleptus"
"943","Trucizetina"
"944","Tumarinia"
"945","Tyersella"
"946","Tylothyris"
"947","Uchtella"
"948","Uchtospirifer"
"949","Uncinella"
"950","Uncinulus"
"951","Uncinunellina"
"952","Uncites"
"953","Undatrypa"
"954","Undispirifer"
"955","Unispirifer"
"956","Uralospirifer"
"957","Vagrania"
"958","Valcourea"
"959","Vallomyonia"
"960","Vandercammenina"
"961","Variatrypa"
"962","Verkhotomia"
"963","Virgiana"
"964","Visbyella"
"965","Voiseyella"
"966","Vosmiverstum"
"967","Waiotrypa"
"968","Wangyuia"
"969","Warrenella"
"970","Wellerella"
"971","Werneckeella"
"972","Westbroekina"
"973","Whitfieldella"
"974","Whitspakia"
"975","Wilberrya"
"976","Wilsoniella"
"977","Woolagia"
"978","Xana"
"979","Xenomartinia"
"980","Xenosaria"
"981","Xenospirifer"
"982","Xerospirifer"
"983","Xestotrema"
"984","Xizispirifer"
"985","Yangtzeella"
"986","Yaonoiella"
"987","Yochelsonia"
"988","Yukonospirifer"
"989","Yunnanella"
"990","Zdimir"
"991","Zdimirella"
"992","Zeravshanotoechia"
"993","Zeugopleura"
"994","Zhejiangospirifer"
"995","Zlichopyramis"
"996","Zygatrypa"
"997","Zygospira"
"998","Zygospiraella"
